{
  "overall": {
    "n": 37,
    "recall@5": 0.2252,
    "recall@10": 0.3514,
    "recall@20": 0.5045,
    "mrr": 0.252
  },
  "by_split": {
    "test": {
      "n": 12,
      "recall@5": 0.1667,
      "recall@10": 0.3056,
      "recall@20": 0.4167,
      "mrr": 0.2196
    },
    "val": {
      "n": 25,
      "recall@5": 0.2533,
      "recall@10": 0.3733,
      "recall@20": 0.5467,
      "mrr": 0.2676
    }
  },
  "by_repo": {
    "TypeScript": {
      "n": 3,
      "recall@5": 0.1111,
      "recall@10": 0.1111,
      "recall@20": 0.2222,
      "mrr": 0.3333
    },
    "deno": {
      "n": 5,
      "recall@5": 0.4667,
      "recall@10": 0.6,
      "recall@20": 0.9333,
      "mrr": 0.4958
    },
    "flutter": {
      "n": 3,
      "recall@5": 0.0,
      "recall@10": 0.1111,
      "recall@20": 0.1111,
      "mrr": 0.0476
    },
    "neovim": {
      "n": 3,
      "recall@5": 0.4444,
      "recall@10": 0.6667,
      "recall@20": 0.6667,
      "mrr": 0.3333
    },
    "ollama": {
      "n": 3,
      "recall@5": 0.1111,
      "recall@10": 0.3333,
      "recall@20": 0.6667,
      "mrr": 0.1641
    },
    "svelte": {
      "n": 5,
      "recall@5": 0.2667,
      "recall@10": 0.4667,
      "recall@20": 0.5333,
      "mrr": 0.2722
    },
    "tauri": {
      "n": 5,
      "recall@5": 0.0667,
      "recall@10": 0.2,
      "recall@20": 0.2667,
      "mrr": 0.1444
    },
    "transformers": {
      "n": 5,
      "recall@5": 0.0,
      "recall@10": 0.0667,
      "recall@20": 0.2,
      "mrr": 0.0355
    },
    "vscode": {
      "n": 5,
      "recall@5": 0.4667,
      "recall@10": 0.5333,
      "recall@20": 0.8,
      "mrr": 0.39
    }
  },
  "per_query": [
    {
      "query_id": 2576899734,
      "query_repo": "deno",
      "split": "val",
      "labels": [
        "bug"
      ],
      "n_gold": 3,
      "rr": 1.0,
      "recall@5": 1.0,
      "recall@10": 1.0,
      "recall@20": 1.0
    },
    {
      "query_id": 2505921033,
      "query_repo": "deno",
      "split": "val",
      "labels": [
        "bug"
      ],
      "n_gold": 3,
      "rr": 0.3333333333333333,
      "recall@5": 0.3333333333333333,
      "recall@10": 1.0,
      "recall@20": 1.0
    },
    {
      "query_id": 2215760324,
      "query_repo": "deno",
      "split": "val",
      "labels": [
        "bug"
      ],
      "n_gold": 3,
      "rr": 1.0,
      "recall@5": 1.0,
      "recall@10": 1.0,
      "recall@20": 1.0
    },
    {
      "query_id": 2744764213,
      "query_repo": "deno",
      "split": "val",
      "labels": [
        "bug"
      ],
      "n_gold": 3,
      "rr": 0.0625,
      "recall@5": 0.0,
      "recall@10": 0.0,
      "recall@20": 0.6666666666666666
    },
    {
      "query_id": 2497437001,
      "query_repo": "deno",
      "split": "val",
      "labels": [
        "bug"
      ],
      "n_gold": 3,
      "rr": 0.08333333333333333,
      "recall@5": 0.0,
      "recall@10": 0.0,
      "recall@20": 1.0
    },
    {
      "query_id": 525387244,
      "query_repo": "svelte",
      "split": "val",
      "labels": [
        "documentation"
      ],
      "n_gold": 3,
      "rr": 0.0,
      "recall@5": 0.0,
      "recall@10": 0.0,
      "recall@20": 0.0
    },
    {
      "query_id": 2423859025,
      "query_repo": "svelte",
      "split": "val",
      "labels": [
        "compiler"
      ],
      "n_gold": 3,
      "rr": 0.0,
      "recall@5": 0.0,
      "recall@10": 0.0,
      "recall@20": 0.0
    },
    {
      "query_id": 718813034,
      "query_repo": "svelte",
      "split": "val",
      "labels": [
        "feature-request",
        "compiler"
      ],
      "n_gold": 3,
      "rr": 0.25,
      "recall@5": 0.3333333333333333,
      "recall@10": 1.0,
      "recall@20": 1.0
    },
    {
      "query_id": 652500799,
      "query_repo": "svelte",
      "split": "val",
      "labels": [
        "feature-request",
        "compiler"
      ],
      "n_gold": 3,
      "rr": 1.0,
      "recall@5": 1.0,
      "recall@10": 1.0,
      "recall@20": 1.0
    },
    {
      "query_id": 526194760,
      "query_repo": "svelte",
      "split": "val",
      "labels": [
        "documentation"
      ],
      "n_gold": 3,
      "rr": 0.1111111111111111,
      "recall@5": 0.0,
      "recall@10": 0.3333333333333333,
      "recall@20": 0.6666666666666666
    },
    {
      "query_id": 2447273640,
      "query_repo": "tauri",
      "split": "val",
      "labels": [
        "help wanted"
      ],
      "n_gold": 3,
      "rr": 0.5,
      "recall@5": 0.3333333333333333,
      "recall@10": 0.3333333333333333,
      "recall@20": 0.6666666666666666
    },
    {
      "query_id": 2746614263,
      "query_repo": "tauri",
      "split": "val",
      "labels": [
        "help wanted"
      ],
      "n_gold": 3,
      "rr": 0.1111111111111111,
      "recall@5": 0.0,
      "recall@10": 0.3333333333333333,
      "recall@20": 0.3333333333333333
    },
    {
      "query_id": 2076250496,
      "query_repo": "tauri",
      "split": "val",
      "labels": [
        "help wanted"
      ],
      "n_gold": 3,
      "rr": 0.0,
      "recall@5": 0.0,
      "recall@10": 0.0,
      "recall@20": 0.0
    },
    {
      "query_id": 1619812129,
      "query_repo": "tauri",
      "split": "val",
      "labels": [
        "help wanted"
      ],
      "n_gold": 3,
      "rr": 0.1111111111111111,
      "recall@5": 0.0,
      "recall@10": 0.3333333333333333,
      "recall@20": 0.3333333333333333
    },
    {
      "query_id": 2770550726,
      "query_repo": "tauri",
      "split": "val",
      "labels": [
        "good first issue"
      ],
      "n_gold": 3,
      "rr": 0.0,
      "recall@5": 0.0,
      "recall@10": 0.0,
      "recall@20": 0.0
    },
    {
      "query_id": 1251151485,
      "query_repo": "transformers",
      "split": "val",
      "labels": [
        "documentation"
      ],
      "n_gold": 3,
      "rr": 0.0,
      "recall@5": 0.0,
      "recall@10": 0.0,
      "recall@20": 0.0
    },
    {
      "query_id": 1446296960,
      "query_repo": "transformers",
      "split": "val",
      "labels": [
        "documentation"
      ],
      "n_gold": 3,
      "rr": 0.0,
      "recall@5": 0.0,
      "recall@10": 0.0,
      "recall@20": 0.0
    },
    {
      "query_id": 1117687164,
      "query_repo": "transformers",
      "split": "val",
      "labels": [
        "performance"
      ],
      "n_gold": 3,
      "rr": 0.0,
      "recall@5": 0.0,
      "recall@10": 0.0,
      "recall@20": 0.0
    },
    {
      "query_id": 2660515189,
      "query_repo": "transformers",
      "split": "val",
      "labels": [
        "documentation"
      ],
      "n_gold": 3,
      "rr": 0.125,
      "recall@5": 0.0,
      "recall@10": 0.3333333333333333,
      "recall@20": 0.6666666666666666
    },
    {
      "query_id": 2566513776,
      "query_repo": "transformers",
      "split": "val",
      "labels": [
        "discussion"
      ],
      "n_gold": 3,
      "rr": 0.05263157894736842,
      "recall@5": 0.0,
      "recall@10": 0.0,
      "recall@20": 0.3333333333333333
    },
    {
      "query_id": 1838556850,
      "query_repo": "vscode",
      "split": "val",
      "labels": [
        "bug",
        "regression"
      ],
      "n_gold": 3,
      "rr": 0.08333333333333333,
      "recall@5": 0.0,
      "recall@10": 0.0,
      "recall@20": 0.3333333333333333
    },
    {
      "query_id": 2433799786,
      "query_repo": "vscode",
      "split": "val",
      "labels": [
        "bug",
        "regression"
      ],
      "n_gold": 3,
      "rr": 0.2,
      "recall@5": 0.3333333333333333,
      "recall@10": 0.3333333333333333,
      "recall@20": 1.0
    },
    {
      "query_id": 2264582800,
      "query_repo": "vscode",
      "split": "val",
      "labels": [
        "bug",
        "help wanted",
        "good first issue",
        "terminal"
      ],
      "n_gold": 3,
      "rr": 1.0,
      "recall@5": 1.0,
      "recall@10": 1.0,
      "recall@20": 1.0
    },
    {
      "query_id": 2614879249,
      "query_repo": "vscode",